{"cameraMode":{"drawMode":0,"name":"Shaded","section":"Shading Mode"},"sceneLighting":true,"audioPlay":false,"sceneViewState":{"showFog":true,"showMaterialUpdate":false,"showSkybox":true,"showFlares":true,"showImageEffects":true,"showParticleSystems":true},"in2DMode":false,"pivot":{"x":-1.229246735572815,"y":-0.9781858921051025,"z":1.8520820140838624},"rotation":{"x":0.0464831106364727,"y":0.0008974283118732274,"z":-0.000041834711737465113,"w":0.9989159107208252},"size":4.492251396179199,"orthographic":true}